date,temperature,precipitation,economic_index,marketing_spend,competitor_activity,social_sentiment,supply_disruption,is_weekend,is_holiday,is_month_end,is_quarter_end
2023-09-30,9.5,9.1,100.9,1219.0,0.22,0.41,1.0,True,False,True,True
2023-10-01,6.5,8.9,102.4,1033.0,0.23,0.41,1.0,True,False,False,False
2023-10-02,7.2,7.9,102.8,1498.0,0.34,0.47,1.0,False,False,False,False
2023-10-03,10.1,9.7,104.6,972.0,0.43,0.41,1.0,False,False,False,False
2023-10-04,9.6,6.9,101.2,636.0,0.31,0.37,1.0,False,False,False,False
2023-10-05,4.3,6.6,100.7,838.0,0.26,0.3,1.0,False,False,False,False
2023-10-06,9.9,8.1,100.3,842.0,0.06,0.25,1.0,False,False,False,False
2023-10-07,10.4,11.9,99.7,1091.0,0.45,0.28,1.0,True,False,False,False
2023-10-08,8.8,6.5,98.5,971.0,0.24,0.46,1.0,True,False,False,False
2023-10-09,14.5,7.9,101.9,991.0,0.13,0.3,1.0,False,False,False,False
2023-10-10,11.1,8.2,103.9,978.0,0.36,0.25,1.0,False,False,False,False
2023-10-11,7.9,7.9,96.1,1377.0,0.09,0.39,1.0,False,False,False,False
2023-10-12,9.7,8.5,102.4,1259.0,0.26,0.17,1.0,False,False,False,False
2023-10-13,5.5,8.6,99.1,993.0,0.1,0.21,1.0,False,False,False,False
2023-10-14,9.9,11.3,99.5,1090.0,0.21,0.29,1.0,True,False,False,False
2023-10-15,8.3,7.1,104.3,1191.0,0.29,0.29,1.0,True,False,False,False
2023-10-16,10.9,7.9,99.2,1265.0,0.36,0.45,1.0,False,False,False,False
2023-10-17,11.3,9.0,102.6,1152.0,0.11,0.36,1.0,False,False,False,False
2023-10-18,7.9,9.6,100.9,771.0,0.22,0.46,1.0,False,False,False,False
2023-10-19,7.9,7.7,99.9,1031.0,0.32,0.26,1.0,False,False,False,False
2023-10-20,13.9,8.0,100.5,1064.0,0.41,0.36,1.0,False,False,False,False
2023-10-21,16.8,7.3,102.9,986.0,0.26,0.29,1.0,True,False,False,False
2023-10-22,13.6,9.5,102.3,928.0,0.25,0.33,1.0,True,False,False,False
2023-10-23,13.3,7.5,98.1,1019.0,0.44,0.6,1.0,False,False,False,False
2023-10-24,9.8,8.8,97.9,1313.0,0.13,0.3,1.0,False,False,False,False
2023-10-25,16.1,6.8,100.8,772.0,0.44,0.26,1.0,False,False,True,False
2023-10-26,11.0,8.7,101.2,942.0,0.19,0.36,1.0,False,False,True,False
2023-10-27,9.3,4.7,100.8,827.0,0.32,0.2,1.0,False,False,True,False
2023-10-28,8.2,6.0,102.3,1053.0,0.23,0.27,1.0,True,False,True,False
2023-10-29,13.5,7.5,105.3,824.0,0.27,0.34,1.0,True,False,True,False
2023-10-30,10.8,6.2,102.3,837.0,0.3,0.27,1.0,False,False,True,False
2023-10-31,9.3,8.4,101.6,1196.0,0.2,0.26,1.0,False,False,True,False
2023-11-01,12.8,10.4,98.8,2222.0,0.53,0.34,1.0,False,False,False,False
2023-11-02,14.7,5.0,103.9,1841.0,0.39,0.24,1.0,False,False,False,False
2023-11-03,9.2,9.8,105.5,1757.0,0.45,0.46,1.0,False,False,False,False
2023-11-04,14.2,8.6,104.3,1990.0,0.57,0.31,1.0,True,False,False,False
2023-11-05,11.1,9.0,105.2,1627.0,0.46,0.32,1.0,True,False,False,False
2023-11-06,13.4,8.6,101.4,1916.0,0.35,0.37,1.0,False,False,False,False
2023-11-07,12.2,4.6,104.5,1746.0,0.28,0.33,1.0,False,False,False,False
2023-11-08,8.2,6.6,106.2,1863.0,0.29,0.37,1.0,False,False,False,False
2023-11-09,14.8,7.8,101.2,1851.0,0.33,0.45,1.0,False,False,False,False
2023-11-10,6.5,6.8,101.7,1778.0,0.47,0.45,1.0,False,False,False,False
2023-11-11,15.2,7.8,108.0,1986.0,0.22,0.35,1.0,True,False,False,False
2023-11-12,14.9,7.3,103.7,2171.0,0.41,0.42,1.0,True,False,False,False
2023-11-13,9.5,5.7,103.6,1944.0,0.32,0.37,1.0,False,False,False,False
2023-11-14,16.0,6.4,108.9,2069.0,0.33,0.23,1.0,False,False,False,False
2023-11-15,13.0,5.7,103.1,2105.0,0.34,0.28,1.0,False,False,False,False
2023-11-16,15.0,3.6,105.5,1809.0,0.22,0.29,1.0,False,False,False,False
2023-11-17,13.3,10.2,102.8,1996.0,0.27,0.47,1.0,False,False,False,False
2023-11-18,19.8,3.9,103.0,2322.0,0.43,0.26,1.0,True,False,False,False
2023-11-19,15.7,5.8,107.1,2205.0,0.26,0.16,1.0,True,False,False,False
2023-11-20,10.9,4.7,107.4,1930.0,0.4,0.39,1.0,False,False,False,False
2023-11-21,15.1,5.2,107.7,2128.0,0.29,0.36,1.0,False,False,False,False
2023-11-22,15.2,5.2,104.0,2024.0,0.41,0.34,1.0,False,False,False,False
2023-11-23,18.4,10.2,109.1,2071.0,0.29,0.36,1.0,False,False,False,False
2023-11-24,16.2,5.8,107.8,2151.0,0.11,0.44,1.0,False,False,False,False
2023-11-25,12.9,8.8,104.0,2253.0,0.2,0.19,1.0,True,False,True,False
2023-11-26,16.0,6.0,108.2,2122.0,0.44,0.45,1.0,True,False,True,False
2023-11-27,9.4,3.6,108.6,2260.0,0.44,0.32,1.0,False,False,True,False
2023-11-28,16.3,7.7,102.9,2262.0,0.48,0.34,1.0,False,False,True,False
2023-11-29,15.4,5.6,104.4,1799.0,0.25,0.45,1.0,False,False,True,False
2023-11-30,12.8,7.7,104.5,2022.0,0.49,0.33,1.0,False,False,True,False
2023-12-01,17.1,9.0,104.2,1991.0,0.5,0.29,1.0,False,True,False,False
2023-12-02,15.0,6.4,107.8,1704.0,0.6,0.37,1.0,True,True,False,False
2023-12-03,16.9,4.0,109.0,1763.0,0.59,0.31,1.0,True,True,False,False
2023-12-04,22.4,3.7,109.1,1867.0,0.57,0.35,1.0,False,True,False,False
2023-12-05,18.2,7.7,106.3,1994.0,0.58,0.6,1.0,False,True,False,False
2023-12-06,15.5,7.3,107.9,2117.0,0.37,0.47,1.0,False,True,False,False
2023-12-07,13.5,4.9,109.1,2084.0,0.42,0.53,1.0,False,True,False,False
2023-12-08,15.1,7.4,106.5,2049.0,0.34,0.53,1.0,False,True,False,False
2023-12-09,13.2,8.1,109.4,1614.0,0.38,0.38,1.0,True,True,False,False
2023-12-10,13.5,5.0,103.9,1901.0,0.46,0.43,1.0,True,True,False,False
2023-12-11,22.1,6.1,105.0,2042.0,0.5,0.4,1.0,False,True,False,False
2023-12-12,14.3,5.4,111.4,1951.0,0.5,0.47,1.0,False,True,False,False
2023-12-13,17.0,2.9,108.4,1804.0,0.54,0.64,1.0,False,True,False,False
2023-12-14,18.9,7.5,109.5,1712.0,0.6,0.33,1.0,False,True,False,False
2023-12-15,10.7,5.5,110.4,1753.0,0.47,0.45,1.0,False,True,False,False
2023-12-16,16.4,6.7,110.8,1917.0,0.43,0.28,1.0,True,True,False,False
2023-12-17,13.7,7.8,106.2,2062.0,0.57,0.51,1.0,True,True,False,False
2023-12-18,16.2,5.3,109.5,2398.0,0.45,0.35,1.0,False,True,False,False
2023-12-19,10.4,3.3,107.8,2084.0,0.4,0.44,1.0,False,True,False,False
2023-12-20,22.6,5.9,109.6,2182.0,0.46,0.39,1.0,False,True,False,False
2023-12-21,17.0,5.3,106.1,1945.0,0.51,0.68,1.0,False,True,False,False
2023-12-22,25.9,5.9,109.2,1346.0,0.4,0.45,1.0,False,True,False,False
2023-12-23,21.6,3.1,105.4,1903.0,0.41,0.43,1.0,True,True,False,False
2023-12-24,22.0,6.0,106.2,2341.0,0.52,0.63,0.85,True,True,False,False
2023-12-25,20.7,7.0,109.9,1743.0,0.41,0.4,1.0,False,True,True,True
2023-12-26,23.5,5.2,111.0,2005.0,0.59,0.66,1.0,False,True,True,True
2023-12-27,15.8,8.8,107.3,2015.0,0.47,0.45,1.0,False,True,True,True
2023-12-28,17.7,1.7,109.1,1904.0,0.43,0.48,1.0,False,True,True,True
2023-12-29,22.8,6.1,110.2,2016.0,0.36,0.72,1.0,False,True,True,True
2023-12-30,20.9,5.1,108.2,1875.0,0.46,0.52,1.0,True,True,True,True
2023-12-31,16.9,5.9,107.5,2128.0,0.51,0.6,1.0,True,True,True,True
2024-01-01,22.2,5.3,111.7,1053.0,0.61,0.53,1.0,False,True,False,False
2024-01-02,23.6,5.2,104.4,916.0,0.63,0.54,1.0,False,True,False,False
2024-01-03,17.9,6.0,109.4,664.0,0.7,0.62,1.0,False,True,False,False
2024-01-04,20.1,4.2,112.2,1316.0,0.63,0.61,1.0,False,True,False,False
2024-01-05,19.7,4.3,108.5,961.0,0.83,0.45,1.0,False,True,False,False
2024-01-06,20.8,6.4,107.5,1315.0,0.58,0.49,1.0,True,True,False,False
2024-01-07,23.9,3.2,111.8,893.0,0.72,0.61,1.0,True,True,False,False
2024-01-08,20.4,3.3,112.9,1059.0,0.72,0.49,1.0,False,True,False,False
2024-01-09,26.7,5.9,112.7,1024.0,0.81,0.48,1.0,False,True,False,False
2024-01-10,20.6,8.7,111.7,1042.0,0.54,0.53,1.0,False,True,False,False
2024-01-11,23.9,5.2,113.8,1161.0,0.75,0.63,1.0,False,True,False,False
2024-01-12,18.3,4.9,107.8,958.0,0.53,0.59,1.0,False,True,False,False
2024-01-13,25.4,3.5,109.1,1086.0,0.53,0.43,1.0,True,True,False,False
2024-01-14,20.8,5.2,110.4,735.0,0.63,0.54,1.0,True,True,False,False
2024-01-15,25.6,5.0,110.4,1239.0,0.68,0.62,1.0,False,True,False,False
2024-01-16,23.0,4.2,110.8,1097.0,0.6,0.63,1.0,False,True,False,False
2024-01-17,23.2,4.1,109.9,1138.0,0.62,0.56,1.0,False,True,False,False
2024-01-18,22.9,4.5,110.8,1591.0,0.6,0.57,1.0,False,True,False,False
2024-01-19,23.2,3.5,113.0,878.0,0.73,0.45,1.0,False,True,False,False
2024-01-20,23.9,2.0,111.8,1236.0,0.77,0.69,1.0,True,True,False,False
2024-01-21,25.8,2.8,108.7,1032.0,0.49,0.58,1.0,True,True,False,False
2024-01-22,26.7,0.0,114.6,1048.0,0.54,0.58,1.0,False,True,False,False
2024-01-23,18.5,7.1,111.5,1086.0,0.55,0.59,1.0,False,True,False,False
2024-01-24,17.5,1.8,111.7,868.0,0.57,0.68,1.0,False,True,False,False
2024-01-25,23.2,4.0,114.3,805.0,0.72,0.35,1.0,False,True,True,False
2024-01-26,24.7,1.6,110.1,1146.0,0.75,0.43,1.0,False,True,True,False
2024-01-27,24.6,5.4,111.7,891.0,0.66,0.53,1.0,True,True,True,False
2024-01-28,20.1,4.7,112.6,1166.0,0.72,0.57,1.0,True,True,True,False
2024-01-29,25.0,5.1,108.9,849.0,0.69,0.49,1.0,False,True,True,False
2024-01-30,29.3,3.0,112.8,1430.0,0.66,0.46,1.0,False,True,True,False
2024-01-31,25.4,4.6,111.4,1107.0,0.68,0.73,1.0,False,True,True,False
2024-02-01,26.7,4.0,111.8,807.0,0.73,0.65,1.0,False,False,False,False
2024-02-02,27.8,6.2,113.1,1000.0,0.7,0.58,1.0,False,False,False,False
2024-02-03,29.3,4.2,111.5,983.0,0.92,0.59,1.0,True,False,False,False
2024-02-04,29.1,0.9,111.1,1218.0,0.85,0.5,1.0,True,False,False,False
2024-02-05,26.4,5.5,110.4,870.0,0.7,0.71,1.0,False,False,False,False
2024-02-06,23.9,4.1,110.1,1031.0,0.62,0.69,1.0,False,False,False,False
2024-02-07,31.5,3.5,110.7,1261.0,0.84,0.46,1.0,False,False,False,False
2024-02-08,25.3,6.2,113.4,1257.0,0.73,0.66,1.0,False,False,False,False
2024-02-09,22.4,6.8,114.4,1180.0,0.92,0.71,0.72,False,False,False,False
2024-02-10,27.9,3.1,113.2,999.0,0.9,0.75,1.0,True,False,False,False
2024-02-11,27.2,3.1,115.2,1065.0,0.89,0.63,1.0,True,False,False,False
2024-02-12,25.5,1.9,111.6,1176.0,0.78,0.52,1.0,False,False,False,False
2024-02-13,31.0,5.7,111.5,1102.0,0.6,0.6,1.0,False,False,False,False
2024-02-14,26.2,3.1,112.7,962.0,0.71,0.59,1.0,False,False,False,False
2024-02-15,31.0,2.6,110.5,934.0,0.68,0.67,1.0,False,False,False,False
2024-02-16,27.2,3.9,112.7,1198.0,0.59,0.48,1.0,False,False,False,False
2024-02-17,22.5,2.3,114.6,1286.0,0.87,0.73,1.0,True,False,False,False
2024-02-18,26.8,3.4,115.0,916.0,0.73,0.61,1.0,True,False,False,False
2024-02-19,30.7,7.9,117.7,1512.0,0.7,0.75,1.0,False,False,False,False
2024-02-20,30.5,4.4,113.8,783.0,0.7,0.56,1.0,False,False,False,False
2024-02-21,23.0,3.7,113.7,960.0,0.88,0.68,1.0,False,False,False,False
2024-02-22,34.1,0.9,112.6,475.0,0.55,0.69,1.0,False,False,False,False
2024-02-23,29.8,3.0,111.9,734.0,0.81,0.69,1.0,False,False,False,False
2024-02-24,27.5,3.3,114.4,1289.0,0.8,0.69,1.0,True,False,False,False
2024-02-25,29.5,4.6,114.4,750.0,0.85,0.65,1.0,True,False,True,False
2024-02-26,23.4,3.0,115.8,1009.0,0.66,0.83,1.0,False,False,True,False
2024-02-27,35.3,4.6,112.8,585.0,0.77,0.68,1.0,False,False,True,False
2024-02-28,31.1,1.1,114.9,619.0,0.7,0.48,1.0,False,False,True,False
2024-02-29,26.7,4.3,115.7,721.0,0.83,0.65,1.0,False,False,True,False
2024-03-01,30.4,0.5,113.4,847.0,0.9,0.65,1.0,False,False,False,False
2024-03-02,25.8,0.0,115.9,934.0,0.63,0.67,1.0,True,False,False,False
2024-03-03,31.3,4.1,113.7,1235.0,0.82,0.62,1.0,True,False,False,False
2024-03-04,35.6,0.6,114.2,1046.0,0.82,0.71,0.78,False,False,False,False
2024-03-05,24.5,0.5,115.9,1233.0,0.97,0.78,1.0,False,False,False,False
2024-03-06,31.2,1.9,116.8,1083.0,0.83,0.56,1.0,False,False,False,False
2024-03-07,24.9,0.9,113.0,942.0,0.75,0.79,1.0,False,False,False,False
2024-03-08,33.4,3.2,117.2,1110.0,0.91,0.64,1.0,False,False,False,False
2024-03-09,25.7,2.0,118.8,987.0,0.75,0.61,1.0,True,False,False,False
2024-03-10,32.2,3.7,116.8,918.0,0.91,0.89,1.0,True,False,False,False
2024-03-11,32.7,3.8,114.7,883.0,0.76,0.8,1.0,False,False,False,False
2024-03-12,31.0,3.8,114.4,866.0,0.78,0.66,1.0,False,False,False,False
2024-03-13,28.0,1.8,115.1,911.0,0.83,0.57,1.0,False,False,False,False
2024-03-14,27.0,0.0,117.0,1152.0,0.77,0.85,1.0,False,False,False,False
2024-03-15,31.8,0.0,115.9,1220.0,0.81,0.75,1.0,False,False,False,False
2024-03-16,31.2,1.7,115.7,1134.0,0.8,0.67,1.0,True,False,False,False
2024-03-17,27.4,3.2,115.3,764.0,0.83,0.78,1.0,True,False,False,False
2024-03-18,32.6,0.6,118.1,1014.0,0.65,0.74,1.0,False,False,False,False
2024-03-19,24.8,3.9,115.7,1100.0,0.79,0.67,1.0,False,False,False,False
2024-03-20,30.3,0.8,119.5,645.0,0.76,0.66,1.0,False,False,False,False
2024-03-21,30.3,2.6,115.9,1556.0,0.93,0.76,1.0,False,False,False,False
2024-03-22,27.3,0.0,120.6,967.0,0.69,0.6,1.0,False,False,False,False
2024-03-23,33.5,1.6,116.0,1255.0,0.92,0.8,1.0,True,False,False,False
2024-03-24,29.5,2.5,115.7,764.0,0.92,0.66,1.0,True,False,False,False
2024-03-25,35.5,0.0,118.5,860.0,0.8,0.71,1.0,False,False,True,True
2024-03-26,28.8,2.1,118.4,898.0,0.76,0.81,1.0,False,False,True,True
2024-03-27,27.0,1.0,118.8,1426.0,0.68,0.59,1.0,False,False,True,True
2024-03-28,30.4,3.0,117.4,781.0,0.74,0.7,1.0,False,False,True,True
2024-03-29,33.9,0.2,117.7,918.0,0.8,0.79,1.0,False,False,True,True
2024-03-30,25.7,2.4,118.1,1046.0,0.88,0.54,1.0,True,False,True,True
2024-03-31,23.2,4.8,118.3,1035.0,0.77,0.71,1.0,True,False,True,True
2024-04-01,32.9,1.8,116.1,960.0,0.77,0.6,1.0,False,False,False,False
2024-04-02,27.9,0.8,120.6,1346.0,0.76,0.76,1.0,False,False,False,False
2024-04-03,30.8,2.8,118.4,1192.0,0.73,0.76,1.0,False,False,False,False
2024-04-04,34.0,3.5,119.6,1421.0,0.89,0.72,1.0,False,False,False,False
2024-04-05,28.0,0.0,119.2,1062.0,0.74,0.67,1.0,False,False,False,False
2024-04-06,28.5,1.3,119.7,745.0,0.87,0.6,1.0,True,False,False,False
2024-04-07,30.1,2.0,119.2,933.0,0.81,0.64,1.0,True,False,False,False
2024-04-08,28.8,1.4,117.3,883.0,0.93,0.66,1.0,False,False,False,False
2024-04-09,27.7,0.9,115.2,927.0,0.87,0.75,1.0,False,False,False,False
2024-04-10,28.2,0.0,122.2,922.0,0.8,0.72,1.0,False,False,False,False
2024-04-11,22.6,2.2,118.5,753.0,0.73,0.48,1.0,False,False,False,False
2024-04-12,34.2,0.8,118.0,1200.0,0.95,0.61,1.0,False,False,False,False
2024-04-13,25.6,1.8,119.2,1036.0,0.71,0.78,1.0,True,False,False,False
2024-04-14,28.7,4.8,118.3,1189.0,0.92,0.58,1.0,True,False,False,False
2024-04-15,34.2,0.6,119.8,1146.0,0.84,0.57,1.0,False,False,False,False
2024-04-16,33.2,3.6,118.9,1137.0,0.51,0.72,1.0,False,False,False,False
2024-04-17,23.1,3.4,117.9,799.0,0.8,0.75,1.0,False,False,False,False
2024-04-18,32.2,5.4,122.3,880.0,0.88,0.73,1.0,False,False,False,False
2024-04-19,27.5,3.6,120.2,1246.0,0.51,0.62,1.0,False,False,False,False
2024-04-20,27.2,1.1,121.6,1208.0,0.94,0.74,1.0,True,False,False,False
2024-04-21,34.0,3.6,120.9,1047.0,0.77,0.64,1.0,True,False,False,False
2024-04-22,26.9,4.9,118.1,544.0,0.87,0.66,1.0,False,False,False,False
2024-04-23,29.8,0.1,121.3,904.0,0.79,0.7,1.0,False,False,False,False
2024-04-24,35.3,0.0,118.3,1072.0,0.76,0.68,1.0,False,False,False,False
2024-04-25,25.2,3.6,121.3,1237.0,0.86,0.74,1.0,False,False,True,False
2024-04-26,20.6,5.3,121.3,643.0,0.81,0.6,1.0,False,False,True,False
2024-04-27,28.2,1.7,118.3,1268.0,0.86,0.72,1.0,True,False,True,False
2024-04-28,28.5,0.0,118.1,770.0,0.64,0.71,1.0,True,False,True,False
2024-04-29,27.6,2.6,120.8,673.0,0.77,0.65,1.0,False,False,True,False
2024-04-30,27.5,3.5,119.3,1541.0,0.78,0.49,1.0,False,False,True,False
2024-05-01,30.5,1.0,124.7,1061.0,0.58,0.61,1.0,False,False,False,False
2024-05-02,25.2,2.5,121.6,1063.0,0.72,0.63,1.0,False,False,False,False
2024-05-03,27.9,0.0,119.1,862.0,0.67,0.72,1.0,False,False,False,False
2024-05-04,23.3,5.0,124.0,1197.0,0.57,0.72,1.0,True,False,False,False
2024-05-05,26.6,0.0,121.9,886.0,0.62,0.67,1.0,True,False,False,False
2024-05-06,27.8,3.1,117.6,842.0,0.63,0.63,1.0,False,False,False,False
2024-05-07,32.5,5.9,123.2,782.0,0.66,0.62,1.0,False,False,False,False
2024-05-08,28.3,1.2,121.3,1069.0,0.63,0.67,1.0,False,False,False,False
2024-05-09,32.5,4.1,122.1,964.0,0.66,0.64,1.0,False,False,False,False
2024-05-10,29.1,0.0,121.8,1212.0,0.6,0.65,1.0,False,False,False,False
2024-05-11,29.3,1.7,123.4,1141.0,0.58,0.75,1.0,True,False,False,False
2024-05-12,28.5,0.0,122.4,1182.0,0.7,0.66,1.0,True,False,False,False
2024-05-13,26.0,4.0,122.8,1207.0,0.65,0.59,1.0,False,False,False,False
2024-05-14,25.0,5.0,118.8,1120.0,0.65,0.68,1.0,False,False,False,False
2024-05-15,27.6,1.4,124.0,1166.0,0.75,0.45,1.0,False,False,False,False
2024-05-16,27.7,4.9,121.7,1165.0,0.77,0.72,1.0,False,False,False,False
2024-05-17,27.5,0.0,123.4,799.0,0.64,0.62,1.0,False,False,False,False
2024-05-18,25.8,5.2,120.9,1253.0,0.72,0.6,1.0,True,False,False,False
2024-05-19,32.6,5.6,122.0,818.0,0.57,0.68,1.0,True,False,False,False
2024-05-20,26.6,1.7,125.3,719.0,0.52,0.6,1.0,False,False,False,False
2024-05-21,29.6,1.6,127.5,1103.0,0.53,0.65,1.0,False,False,False,False
2024-05-22,24.8,4.4,124.5,1080.0,0.63,0.5,1.0,False,False,False,False
2024-05-23,26.3,2.8,124.5,1440.0,0.72,0.71,1.0,False,False,False,False
2024-05-24,21.3,2.0,126.0,1076.0,0.62,0.62,1.0,False,False,False,False
2024-05-25,25.9,2.0,121.7,1076.0,0.71,0.64,1.0,True,False,True,False
2024-05-26,25.6,6.3,126.6,859.0,0.56,0.71,1.0,True,False,True,False
2024-05-27,24.5,0.6,122.9,920.0,0.63,0.8,1.0,False,False,True,False
2024-05-28,28.0,7.2,124.3,732.0,0.6,0.64,1.0,False,False,True,False
2024-05-29,22.6,3.5,126.5,787.0,0.71,0.61,1.0,False,False,True,False
2024-05-30,29.8,4.1,126.1,1172.0,0.6,0.57,1.0,False,False,True,False
2024-05-31,20.9,2.5,122.0,1182.0,0.85,0.49,1.0,False,False,True,False
2024-06-01,23.2,1.5,125.7,1382.0,0.6,0.46,1.0,True,False,False,False
2024-06-02,28.3,7.6,123.1,1299.0,0.42,0.43,1.0,True,False,False,False
2024-06-03,23.6,3.9,126.6,1438.0,0.5,0.69,1.0,False,False,False,False
2024-06-04,28.7,2.0,127.7,1024.0,0.43,0.48,1.0,False,False,False,False
2024-06-05,24.1,0.3,127.0,1011.0,0.59,0.59,1.0,False,False,False,False
2024-06-06,24.8,4.3,127.0,726.0,0.7,0.59,1.0,False,False,False,False
2024-06-07,24.3,4.5,124.7,850.0,0.59,0.62,1.0,False,False,False,False
2024-06-08,25.4,5.3,125.2,1059.0,0.34,0.55,1.0,True,False,False,False
2024-06-09,25.2,3.6,125.1,1096.0,0.44,0.52,1.0,True,False,False,False
2024-06-10,27.4,7.3,126.6,1219.0,0.37,0.74,1.0,False,False,False,False
2024-06-11,25.7,8.4,128.6,1007.0,0.48,0.58,1.0,False,False,False,False
2024-06-12,16.7,6.2,121.3,1322.0,0.51,0.47,1.0,False,False,False,False
2024-06-13,28.5,6.2,126.2,1277.0,0.46,0.71,1.0,False,False,False,False
2024-06-14,20.1,4.0,126.3,1180.0,0.43,0.49,1.0,False,False,False,False
2024-06-15,24.2,4.0,125.9,1068.0,0.65,0.51,1.0,True,False,False,False
2024-06-16,18.8,4.5,126.2,1097.0,0.37,0.47,1.0,True,False,False,False
2024-06-17,27.3,4.0,127.3,1258.0,0.61,0.53,1.0,False,False,False,False
2024-06-18,24.1,9.1,123.7,978.0,0.5,0.5,1.0,False,False,False,False
2024-06-19,20.9,6.3,124.9,1119.0,0.52,0.39,1.0,False,False,False,False
2024-06-20,20.0,3.2,129.3,843.0,0.42,0.52,1.0,False,False,False,False
2024-06-21,20.4,3.2,128.4,964.0,0.59,0.49,1.0,False,False,False,False
2024-06-22,20.9,4.9,128.1,1122.0,0.23,0.55,1.0,True,False,False,False
2024-06-23,22.6,6.4,124.8,1180.0,0.65,0.59,1.0,True,False,False,False
2024-06-24,19.4,3.3,125.1,1275.0,0.47,0.61,1.0,False,False,False,False
2024-06-25,21.1,3.9,125.7,1170.0,0.57,0.61,1.0,False,False,True,True
2024-06-26,17.6,2.9,128.7,1010.0,0.44,0.57,1.0,False,False,True,True
2024-06-27,18.4,9.3,125.3,972.0,0.35,0.39,1.0,False,False,True,True
2024-06-28,23.0,4.5,125.7,1010.0,0.58,0.46,1.0,False,False,True,True
2024-06-29,17.9,6.9,125.5,816.0,0.42,0.51,1.0,True,False,True,True
2024-06-30,21.1,3.6,125.4,1006.0,0.54,0.64,1.0,True,False,True,True
2024-07-01,16.6,2.6,129.8,1123.0,0.3,0.43,1.0,False,True,False,False
2024-07-02,22.9,4.1,130.6,914.0,0.32,0.38,1.0,False,True,False,False
2024-07-03,15.1,3.7,129.2,607.0,0.33,0.46,1.0,False,True,False,False
2024-07-04,11.1,3.5,128.8,827.0,0.32,0.47,1.0,False,True,False,False
2024-07-05,19.4,3.6,128.1,934.0,0.5,0.42,1.0,False,True,False,False
2024-07-06,24.4,4.8,129.6,1017.0,0.58,0.48,1.0,True,True,False,False
2024-07-07,12.6,3.2,129.4,909.0,0.31,0.47,1.0,True,True,False,False
2024-07-08,20.3,6.8,128.8,663.0,0.38,0.55,1.0,False,True,False,False
2024-07-09,28.0,1.6,125.3,1037.0,0.46,0.15,1.0,False,True,False,False
2024-07-10,17.1,4.4,127.6,1089.0,0.34,0.66,1.0,False,True,False,False
2024-07-11,14.1,4.9,125.8,1166.0,0.38,0.34,1.0,False,True,False,False
2024-07-12,20.8,0.4,129.4,1083.0,0.4,0.62,1.0,False,True,False,False
2024-07-13,12.8,4.1,131.2,1298.0,0.33,0.4,1.0,True,True,False,False
2024-07-14,19.4,10.6,127.0,1218.0,0.26,0.55,1.0,True,True,False,False
2024-07-15,22.1,6.7,130.4,922.0,0.38,0.71,1.0,False,True,False,False
2024-07-16,16.2,5.6,130.0,711.0,0.34,0.54,1.0,False,True,False,False
2024-07-17,13.7,6.7,125.5,989.0,0.18,0.58,1.0,False,True,False,False
2024-07-18,16.1,1.8,128.1,785.0,0.34,0.47,1.0,False,True,False,False
2024-07-19,17.0,7.9,127.1,1334.0,0.39,0.43,1.0,False,True,False,False
2024-07-20,19.2,7.6,128.6,749.0,0.31,0.33,1.0,True,True,False,False
2024-07-21,22.2,6.2,128.4,1143.0,0.38,0.57,1.0,True,True,False,False
2024-07-22,9.7,4.3,126.8,971.0,0.47,0.55,1.0,False,True,False,False
2024-07-23,15.6,7.4,129.2,975.0,0.25,0.21,1.0,False,True,False,False
2024-07-24,14.0,4.2,129.2,996.0,0.4,0.42,1.0,False,True,False,False
2024-07-25,13.7,5.4,130.1,742.0,0.47,0.32,1.0,False,True,True,False
2024-07-26,17.8,4.9,132.6,995.0,0.29,0.29,1.0,False,True,True,False
2024-07-27,12.2,9.3,129.7,926.0,0.34,0.39,1.0,True,True,True,False
2024-07-28,14.6,5.2,130.3,787.0,0.38,0.41,1.0,True,True,True,False
2024-07-29,17.6,8.5,131.6,1004.0,0.37,0.44,1.0,False,True,True,False
2024-07-30,20.2,2.1,134.1,1072.0,0.38,0.45,1.0,False,True,True,False
2024-07-31,17.3,7.3,129.9,966.0,0.53,0.36,1.0,False,True,True,False
2024-08-01,15.2,6.5,133.7,1132.0,0.31,0.27,1.0,False,False,False,False
2024-08-02,12.6,2.5,132.7,1006.0,0.23,0.51,1.0,False,False,False,False
2024-08-03,9.4,6.6,131.8,891.0,0.21,0.46,1.0,True,False,False,False
2024-08-04,15.7,9.4,128.9,887.0,0.24,0.42,1.0,True,False,False,False
2024-08-05,11.3,7.1,131.6,970.0,0.18,0.33,1.0,False,False,False,False
2024-08-06,10.3,6.1,129.5,1265.0,0.23,0.46,1.0,False,False,False,False
2024-08-07,10.7,6.5,130.7,872.0,0.2,0.31,1.0,False,False,False,False
2024-08-08,7.5,5.1,127.9,793.0,0.13,0.41,1.0,False,False,False,False
2024-08-09,12.8,5.3,132.9,726.0,0.25,0.2,1.0,False,False,False,False
2024-08-10,13.2,11.8,129.8,1000.0,0.09,0.38,1.0,True,False,False,False
2024-08-11,8.2,3.3,131.2,1320.0,0.07,0.29,1.0,True,False,False,False
2024-08-12,18.5,7.7,130.0,675.0,0.27,0.25,1.0,False,False,False,False
2024-08-13,16.9,4.9,132.2,1276.0,0.32,0.57,1.0,False,False,False,False
2024-08-14,12.4,8.2,132.7,1190.0,0.35,0.36,0.84,False,False,False,False
2024-08-15,14.2,7.7,131.0,1254.0,0.25,0.28,1.0,False,False,False,False
2024-08-16,12.5,5.4,129.7,973.0,0.33,0.39,1.0,False,False,False,False
2024-08-17,12.1,7.5,133.3,937.0,0.26,0.41,1.0,True,False,False,False
2024-08-18,13.6,3.4,128.1,1047.0,0.14,0.37,1.0,True,False,False,False
2024-08-19,11.9,10.9,135.0,740.0,0.32,0.26,1.0,False,False,False,False
2024-08-20,7.6,9.5,133.7,1224.0,0.33,0.47,1.0,False,False,False,False
2024-08-21,9.0,8.5,129.7,580.0,0.17,0.48,1.0,False,False,False,False
2024-08-22,11.5,7.4,130.1,1112.0,0.48,0.26,1.0,False,False,False,False
2024-08-23,11.4,5.4,133.7,909.0,0.12,0.25,1.0,False,False,False,False
2024-08-24,7.8,5.6,132.2,1161.0,0.19,0.47,1.0,True,False,False,False
2024-08-25,10.7,6.8,134.5,918.0,0.12,0.35,1.0,True,False,True,False
2024-08-26,14.0,7.9,134.2,1155.0,0.04,0.3,1.0,False,False,True,False
2024-08-27,8.2,9.3,133.9,991.0,0.38,0.25,1.0,False,False,True,False
2024-08-28,14.2,4.9,131.8,1241.0,0.29,0.4,1.0,False,False,True,False
2024-08-29,15.3,7.3,133.2,956.0,0.08,0.29,1.0,False,False,True,False
2024-08-30,13.9,7.2,129.0,1123.0,0.38,0.32,1.0,False,False,True,False
2024-08-31,11.3,8.9,132.3,985.0,0.34,0.31,1.0,True,False,True,False
2024-09-01,14.7,5.2,137.3,1144.0,0.07,0.18,1.0,True,False,False,False
2024-09-02,6.5,8.0,134.3,1053.0,-0.12,0.12,1.0,False,False,False,False
2024-09-03,8.8,5.5,132.8,1080.0,0.11,0.24,1.0,False,False,False,False
2024-09-04,10.7,12.2,134.2,552.0,0.16,0.44,1.0,False,False,False,False
2024-09-05,9.1,9.0,133.5,1114.0,0.07,0.3,1.0,False,False,False,False
2024-09-06,13.9,9.0,134.9,1206.0,0.08,0.24,1.0,False,False,False,False
2024-09-07,8.3,9.3,134.6,1211.0,0.31,0.31,1.0,True,False,False,False
2024-09-08,11.9,6.1,133.0,1005.0,0.22,0.27,1.0,True,False,False,False
2024-09-09,8.3,9.9,133.7,995.0,0.36,0.27,1.0,False,False,False,False
2024-09-10,14.6,10.5,135.8,829.0,0.05,0.39,1.0,False,False,False,False
2024-09-11,10.6,3.2,133.1,997.0,0.25,0.47,1.0,False,False,False,False
2024-09-12,11.1,8.4,132.0,1329.0,0.05,0.28,1.0,False,False,False,False
2024-09-13,8.8,9.4,131.3,701.0,0.04,0.34,1.0,False,False,False,False
2024-09-14,10.7,10.1,133.6,929.0,0.25,0.14,1.0,True,False,False,False
2024-09-15,7.0,9.0,137.0,883.0,0.23,0.19,1.0,True,False,False,False
2024-09-16,10.5,5.9,135.7,1237.0,0.24,0.32,1.0,False,False,False,False
2024-09-17,10.8,5.6,138.1,859.0,0.22,0.35,0.76,False,False,False,False
2024-09-18,8.6,6.9,134.0,909.0,0.37,0.52,1.0,False,False,False,False
2024-09-19,6.5,8.0,133.0,1059.0,0.24,0.43,1.0,False,False,False,False
2024-09-20,11.8,10.2,135.3,1250.0,0.33,0.31,1.0,False,False,False,False
2024-09-21,14.3,9.8,133.5,913.0,0.09,0.38,1.0,True,False,False,False
2024-09-22,14.0,11.0,136.4,796.0,0.26,0.3,1.0,True,False,False,False
2024-09-23,15.1,8.7,134.7,1069.0,0.16,0.14,1.0,False,False,False,False
2024-09-24,9.4,8.2,136.5,1087.0,0.17,0.2,1.0,False,False,False,False
2024-09-25,7.2,7.1,137.1,1304.0,0.08,0.44,1.0,False,False,True,True
2024-09-26,10.6,11.2,138.3,1104.0,0.16,0.31,1.0,False,False,True,True
2024-09-27,3.9,6.4,133.8,832.0,0.21,0.14,1.0,False,False,True,True
2024-09-28,15.0,9.4,136.2,1613.0,0.37,0.21,1.0,True,False,True,True
2024-09-29,10.2,7.9,134.1,1132.0,0.12,0.39,1.0,True,False,True,True
2024-09-30,9.1,7.3,135.7,958.0,0.38,0.31,1.0,False,False,True,True
2024-10-01,10.9,3.9,138.8,1298.0,0.19,0.21,1.0,False,False,False,False
2024-10-02,7.4,7.1,136.9,979.0,0.17,0.24,1.0,False,False,False,False
2024-10-03,5.9,8.0,136.3,1220.0,0.32,0.34,1.0,False,False,False,False
2024-10-04,9.4,5.8,134.8,862.0,0.39,0.39,1.0,False,False,False,False
2024-10-05,11.9,7.8,136.9,1055.0,0.3,0.24,1.0,True,False,False,False
2024-10-06,9.6,7.4,136.3,1020.0,0.2,0.42,1.0,True,False,False,False
2024-10-07,10.6,8.9,138.8,1069.0,0.25,0.34,1.0,False,False,False,False
2024-10-08,14.0,9.4,139.3,1029.0,0.35,0.38,1.0,False,False,False,False
2024-10-09,6.0,8.7,135.6,904.0,0.24,0.5,1.0,False,False,False,False
2024-10-10,10.1,7.0,136.3,976.0,0.21,0.25,1.0,False,False,False,False
2024-10-11,12.2,8.1,137.2,1194.0,0.08,0.24,1.0,False,False,False,False
2024-10-12,14.7,9.9,136.3,724.0,0.14,0.28,1.0,True,False,False,False
2024-10-13,14.3,6.1,140.9,826.0,0.24,0.28,1.0,True,False,False,False
2024-10-14,16.0,9.1,135.8,1128.0,0.2,0.28,1.0,False,False,False,False
2024-10-15,8.9,7.0,134.5,938.0,0.24,0.39,1.0,False,False,False,False
2024-10-16,15.0,7.3,137.3,1171.0,0.39,0.25,1.0,False,False,False,False
2024-10-17,12.8,9.3,134.9,944.0,0.44,0.34,1.0,False,False,False,False
2024-10-18,8.5,7.0,137.8,1038.0,0.3,0.21,1.0,False,False,False,False
2024-10-19,7.3,7.1,138.3,1249.0,0.24,0.49,1.0,True,False,False,False
2024-10-20,11.8,9.7,137.6,947.0,0.23,0.54,1.0,True,False,False,False
2024-10-21,17.3,6.8,138.5,1282.0,0.19,0.36,1.0,False,False,False,False
2024-10-22,14.1,10.5,138.8,1121.0,0.28,0.31,1.0,False,False,False,False
2024-10-23,6.2,5.0,142.1,886.0,0.23,0.35,1.0,False,False,False,False
2024-10-24,9.6,8.8,135.5,1056.0,0.07,0.19,1.0,False,False,False,False
2024-10-25,12.8,7.3,142.3,1004.0,0.31,0.38,1.0,False,False,True,False
2024-10-26,9.3,6.6,138.5,1231.0,0.17,-0.01,1.0,True,False,True,False
2024-10-27,9.9,3.8,137.0,1066.0,0.12,0.27,1.0,True,False,True,False
2024-10-28,16.3,6.6,140.7,1161.0,0.36,0.36,1.0,False,False,True,False
2024-10-29,13.1,7.5,140.0,657.0,0.22,0.34,1.0,False,False,True,False
2024-10-30,12.0,6.1,141.1,961.0,0.26,0.32,1.0,False,False,True,False
2024-10-31,5.9,9.0,140.0,1078.0,0.33,0.34,1.0,False,False,True,False
2024-11-01,12.6,8.1,142.9,2013.0,0.34,0.3,1.0,False,False,False,False
2024-11-02,6.8,7.6,139.9,1892.0,0.38,0.45,1.0,True,False,False,False
2024-11-03,8.5,11.3,139.9,2013.0,0.23,0.29,1.0,True,False,False,False
2024-11-04,13.3,9.2,139.7,1782.0,0.33,0.31,1.0,False,False,False,False
2024-11-05,15.5,11.3,139.7,2335.0,0.29,0.23,1.0,False,False,False,False
2024-11-06,16.2,9.3,143.0,2388.0,0.42,0.34,1.0,False,False,False,False
2024-11-07,10.2,5.1,137.4,2024.0,0.36,0.22,1.0,False,False,False,False
2024-11-08,10.8,4.7,143.3,1855.0,0.39,0.24,1.0,False,False,False,False
2024-11-09,9.4,7.4,141.7,1811.0,0.41,0.26,1.0,True,False,False,False
2024-11-10,14.1,7.9,142.5,2050.0,0.31,0.23,1.0,True,False,False,False
2024-11-11,9.3,9.4,141.8,1874.0,0.28,0.4,1.0,False,False,False,False
2024-11-12,8.5,5.3,140.2,2440.0,0.48,0.37,1.0,False,False,False,False
2024-11-13,16.8,11.8,140.2,2167.0,0.35,0.34,1.0,False,False,False,False
2024-11-14,11.8,8.6,140.2,1929.0,0.23,0.56,1.0,False,False,False,False
2024-11-15,18.6,6.8,139.6,1954.0,-0.02,0.43,1.0,False,False,False,False
2024-11-16,14.8,9.6,139.5,2280.0,0.36,0.71,1.0,True,False,False,False
2024-11-17,12.3,6.1,142.2,1589.0,0.27,0.18,1.0,True,False,False,False
2024-11-18,11.4,10.8,143.0,1900.0,0.28,0.37,1.0,False,False,False,False
2024-11-19,13.4,5.0,142.5,2101.0,0.24,0.16,1.0,False,False,False,False
2024-11-20,18.3,7.5,142.5,2068.0,0.39,0.31,1.0,False,False,False,False
2024-11-21,14.6,7.0,141.1,2097.0,0.37,0.21,1.0,False,False,False,False
2024-11-22,18.4,6.5,144.7,2056.0,0.43,0.43,1.0,False,False,False,False
2024-11-23,18.7,7.6,140.6,2069.0,0.18,0.37,1.0,True,False,False,False
2024-11-24,17.8,6.5,144.8,1973.0,0.38,0.32,1.0,True,False,False,False
2024-11-25,10.1,8.3,140.8,1885.0,0.4,0.45,1.0,False,False,True,False
2024-11-26,15.3,7.2,142.4,2193.0,0.29,0.5,1.0,False,False,True,False
2024-11-27,8.8,4.9,140.9,2114.0,0.2,0.4,1.0,False,False,True,False
2024-11-28,12.5,4.6,144.5,1761.0,0.35,0.38,1.0,False,False,True,False
2024-11-29,15.9,6.2,143.1,2037.0,0.36,0.47,1.0,False,False,True,False
2024-11-30,16.1,6.9,140.5,2144.0,0.37,0.56,0.82,True,False,True,False
2024-12-01,16.1,6.0,141.6,1870.0,0.45,0.47,1.0,True,True,False,False
2024-12-02,8.9,6.4,143.5,1973.0,0.35,0.48,1.0,False,True,False,False
2024-12-03,15.0,7.4,144.3,2090.0,0.53,0.33,1.0,False,True,False,False
2024-12-04,9.7,7.9,141.4,2098.0,0.57,0.63,1.0,False,True,False,False
2024-12-05,11.5,8.6,145.2,2572.0,0.37,0.37,1.0,False,True,False,False
2024-12-06,16.1,5.8,144.5,2182.0,0.47,0.31,1.0,False,True,False,False
2024-12-07,18.8,4.8,141.5,2123.0,0.58,0.33,1.0,True,True,False,False
2024-12-08,15.8,5.5,147.0,1788.0,0.49,0.46,1.0,True,True,False,False
2024-12-09,10.8,5.5,144.8,1984.0,0.47,0.47,1.0,False,True,False,False
2024-12-10,17.4,8.6,142.6,2470.0,0.68,0.68,1.0,False,True,False,False
2024-12-11,16.2,6.9,142.7,1874.0,0.57,0.54,1.0,False,True,False,False
2024-12-12,21.4,8.1,142.8,1974.0,0.61,0.31,1.0,False,True,False,False
2024-12-13,16.2,3.1,140.8,2069.0,0.45,0.51,1.0,False,True,False,False
2024-12-14,19.1,4.9,143.5,1914.0,0.67,0.37,1.0,True,True,False,False
2024-12-15,15.5,4.4,143.6,1854.0,0.49,0.46,1.0,True,True,False,False
2024-12-16,18.8,4.8,146.9,2218.0,0.69,0.54,1.0,False,True,False,False
2024-12-17,16.8,3.2,144.6,1744.0,0.47,0.5,1.0,False,True,False,False
2024-12-18,14.4,5.1,146.1,2059.0,0.5,0.29,1.0,False,True,False,False
2024-12-19,18.2,1.6,147.0,2288.0,0.5,0.46,1.0,False,True,False,False
2024-12-20,19.0,7.8,147.5,2271.0,0.45,0.38,1.0,False,True,False,False
2024-12-21,14.2,4.5,144.7,1995.0,0.43,0.51,1.0,True,True,False,False
2024-12-22,18.2,1.7,144.9,2199.0,0.38,0.61,1.0,True,True,False,False
2024-12-23,20.5,3.0,149.3,2124.0,0.7,0.35,1.0,False,True,False,False
2024-12-24,19.1,1.9,146.5,1926.0,0.62,0.52,1.0,False,True,False,False
2024-12-25,14.7,3.1,145.4,1922.0,0.63,0.46,1.0,False,True,True,True
2024-12-26,24.6,6.6,145.5,2573.0,0.58,0.45,1.0,False,True,True,True
2024-12-27,15.2,5.3,145.1,1930.0,0.41,0.34,1.0,False,True,True,True
2024-12-28,21.7,5.4,145.7,1999.0,0.53,0.46,1.0,True,True,True,True
2024-12-29,19.3,7.0,142.3,2076.0,0.47,0.49,1.0,True,True,True,True
2024-12-30,21.9,6.7,144.6,1679.0,0.64,0.65,1.0,False,True,True,True
2024-12-31,20.9,6.6,143.8,2501.0,0.36,0.52,1.0,False,True,True,True
2025-01-01,23.7,5.8,146.0,908.0,0.75,0.43,1.0,False,True,False,False
2025-01-02,24.2,4.9,144.3,795.0,0.7,0.52,1.0,False,True,False,False
2025-01-03,20.8,4.9,145.1,1633.0,0.72,0.52,1.0,False,True,False,False
2025-01-04,24.2,4.2,147.3,712.0,0.7,0.35,1.0,True,True,False,False
2025-01-05,20.6,5.7,147.6,1058.0,0.63,0.64,1.0,True,True,False,False
2025-01-06,22.9,4.5,143.9,1086.0,0.65,0.51,1.0,False,True,False,False
2025-01-07,25.1,7.0,145.4,1268.0,0.67,0.47,0.7,False,True,False,False
2025-01-08,17.4,6.0,145.1,877.0,0.7,0.54,1.0,False,True,False,False
2025-01-09,19.9,4.9,148.3,818.0,0.63,0.52,1.0,False,True,False,False
2025-01-10,25.3,3.7,148.8,994.0,0.76,0.54,1.0,False,True,False,False
2025-01-11,23.5,7.2,146.6,1390.0,0.61,0.62,1.0,True,True,False,False
2025-01-12,27.7,0.6,146.2,976.0,0.48,0.61,1.0,True,True,False,False
2025-01-13,23.6,6.9,147.3,944.0,0.8,0.74,1.0,False,True,False,False
2025-01-14,30.4,3.1,144.6,1199.0,0.61,0.45,1.0,False,True,False,False
2025-01-15,25.7,5.0,149.7,838.0,0.6,0.47,1.0,False,True,False,False
2025-01-16,19.9,5.0,147.0,968.0,0.76,0.68,1.0,False,True,False,False
2025-01-17,19.1,7.9,147.2,1142.0,0.7,0.64,1.0,False,True,False,False
2025-01-18,21.3,3.8,149.2,914.0,0.66,0.68,1.0,True,True,False,False
2025-01-19,24.8,6.8,149.4,966.0,0.83,0.43,1.0,True,True,False,False
2025-01-20,24.1,4.8,147.5,998.0,0.61,0.55,1.0,False,True,False,False
2025-01-21,24.2,4.4,150.2,1167.0,0.92,0.65,1.0,False,True,False,False
2025-01-22,27.6,6.7,145.6,982.0,0.67,0.53,1.0,False,True,False,False
2025-01-23,24.4,2.5,147.9,1157.0,0.79,0.56,1.0,False,True,False,False
2025-01-24,22.0,4.9,149.7,868.0,0.59,0.58,1.0,False,True,False,False
2025-01-25,27.2,3.9,147.7,937.0,0.67,0.65,1.0,True,True,True,False
2025-01-26,24.6,4.7,149.0,1190.0,0.6,0.43,1.0,True,True,True,False
2025-01-27,26.6,4.5,148.7,1021.0,0.52,0.5,1.0,False,True,True,False
2025-01-28,15.7,6.3,145.8,895.0,0.71,0.69,1.0,False,True,True,False
2025-01-29,29.3,4.8,144.9,1023.0,0.58,0.46,1.0,False,True,True,False
2025-01-30,23.5,2.3,147.1,925.0,0.7,0.7,1.0,False,True,True,False
2025-01-31,28.6,3.8,150.2,931.0,0.74,0.65,1.0,False,True,True,False
2025-02-01,25.0,6.5,149.9,639.0,0.69,0.63,1.0,True,False,False,False
2025-02-02,27.2,1.4,149.1,1148.0,0.79,0.77,1.0,True,False,False,False
2025-02-03,26.4,1.2,149.6,897.0,0.89,0.75,1.0,False,False,False,False
2025-02-04,28.6,1.1,148.4,1281.0,0.73,0.48,1.0,False,False,False,False
2025-02-05,23.5,5.6,149.8,1003.0,0.74,0.73,1.0,False,False,False,False
2025-02-06,27.6,5.2,150.0,1080.0,0.93,0.65,1.0,False,False,False,False
2025-02-07,21.9,1.8,147.9,1565.0,0.79,0.7,1.0,False,False,False,False
2025-02-08,28.4,4.1,147.5,1261.0,0.62,0.48,1.0,True,False,False,False
2025-02-09,22.3,5.1,150.9,980.0,0.71,0.57,1.0,True,False,False,False
2025-02-10,26.7,3.1,150.1,988.0,0.69,0.73,1.0,False,False,False,False
2025-02-11,26.6,5.5,149.0,1163.0,0.72,0.69,1.0,False,False,False,False
2025-02-12,26.5,4.4,149.6,937.0,0.76,0.67,1.0,False,False,False,False
2025-02-13,28.2,7.8,145.1,901.0,0.91,0.55,1.0,False,False,False,False
2025-02-14,30.4,2.5,149.4,774.0,0.67,0.62,1.0,False,False,False,False
2025-02-15,23.2,3.0,149.9,859.0,0.89,0.7,1.0,True,False,False,False
2025-02-16,32.7,2.4,149.5,1163.0,0.81,0.72,1.0,True,False,False,False
2025-02-17,25.8,4.8,151.9,1097.0,0.94,0.5,1.0,False,False,False,False
2025-02-18,24.7,3.0,153.8,755.0,0.71,0.67,1.0,False,False,False,False
2025-02-19,27.3,0.6,151.7,852.0,0.77,0.61,1.0,False,False,False,False
2025-02-20,29.8,3.0,153.3,986.0,0.61,0.64,1.0,False,False,False,False
2025-02-21,31.6,0.0,150.6,878.0,0.93,0.8,1.0,False,False,False,False
2025-02-22,31.8,2.4,150.5,935.0,0.83,0.6,1.0,True,False,False,False
2025-02-23,26.7,1.9,156.1,950.0,0.77,0.73,1.0,True,False,False,False
2025-02-24,29.8,0.9,152.1,591.0,0.53,0.64,1.0,False,False,False,False
2025-02-25,32.3,3.6,151.1,926.0,0.74,0.79,1.0,False,False,True,False
2025-02-26,22.2,4.1,150.0,1037.0,0.81,0.63,1.0,False,False,True,False
2025-02-27,31.0,1.9,154.6,924.0,0.58,0.58,1.0,False,False,True,False
2025-02-28,30.4,3.3,152.2,1258.0,0.8,0.69,1.0,False,False,True,False
2025-03-01,28.3,0.0,152.3,1042.0,1.03,0.47,1.0,True,False,False,False
2025-03-02,29.3,2.3,150.5,737.0,0.79,0.77,1.0,True,False,False,False
2025-03-03,30.3,1.0,153.7,1276.0,0.92,0.75,1.0,False,False,False,False
2025-03-04,29.5,6.1,149.8,931.0,0.82,0.69,1.0,False,False,False,False
2025-03-05,29.9,1.0,154.6,1390.0,0.62,0.59,1.0,False,False,False,False
2025-03-06,29.6,0.0,151.7,746.0,0.82,0.56,1.0,False,False,False,False
2025-03-07,30.7,4.4,149.9,807.0,0.85,0.69,1.0,False,False,False,False
2025-03-08,30.4,0.0,151.4,791.0,0.72,0.78,1.0,True,False,False,False
2025-03-09,29.7,3.3,153.6,989.0,0.85,0.68,1.0,True,False,False,False
2025-03-10,27.4,3.9,148.3,1281.0,0.88,0.71,1.0,False,False,False,False
2025-03-11,29.1,2.8,156.3,1542.0,0.79,0.8,1.0,False,False,False,False
2025-03-12,29.4,1.7,152.3,1147.0,0.94,0.6,1.0,False,False,False,False
2025-03-13,34.0,2.2,152.6,1425.0,0.92,0.61,1.0,False,False,False,False
2025-03-14,30.7,2.5,154.1,957.0,0.73,0.73,1.0,False,False,False,False
2025-03-15,30.6,3.9,153.9,811.0,0.73,0.79,1.0,True,False,False,False
2025-03-16,35.1,0.0,152.5,967.0,0.73,0.57,1.0,True,False,False,False
2025-03-17,29.1,3.7,152.5,1411.0,0.8,0.71,1.0,False,False,False,False
2025-03-18,28.1,2.3,155.7,1102.0,0.87,0.72,1.0,False,False,False,False
2025-03-19,26.4,1.6,153.6,1047.0,0.57,0.73,1.0,False,False,False,False
2025-03-20,34.0,1.2,156.7,864.0,0.78,0.77,1.0,False,False,False,False
2025-03-21,31.9,6.0,155.3,612.0,0.75,0.71,1.0,False,False,False,False
2025-03-22,26.5,2.7,152.4,1433.0,0.61,0.64,1.0,True,False,False,False
2025-03-23,32.7,1.4,155.1,787.0,0.75,0.88,1.0,True,False,False,False
2025-03-24,26.5,3.7,154.3,1032.0,0.79,0.83,1.0,False,False,False,False
2025-03-25,27.7,2.5,157.3,1250.0,0.87,0.8,1.0,False,False,True,True
2025-03-26,33.2,3.0,157.3,1407.0,0.8,0.63,1.0,False,False,True,True
2025-03-27,32.2,0.5,153.2,1031.0,0.79,0.72,1.0,False,False,True,True
2025-03-28,31.9,0.8,154.4,1421.0,0.85,0.52,1.0,False,False,True,True
2025-03-29,30.8,0.6,155.3,1286.0,0.74,0.87,1.0,True,False,True,True
2025-03-30,31.6,4.6,152.8,1064.0,0.92,0.61,1.0,True,False,True,True
2025-03-31,31.7,0.7,154.8,1141.0,0.77,0.59,1.0,False,False,True,True
2025-04-01,27.3,4.1,157.1,1028.0,0.85,0.71,1.0,False,False,False,False
2025-04-02,30.0,1.4,151.1,889.0,0.84,0.7,1.0,False,False,False,False
2025-04-03,29.7,2.0,155.6,1332.0,0.77,0.79,1.0,False,False,False,False
2025-04-04,28.6,3.2,153.1,899.0,0.68,0.74,1.0,False,False,False,False
2025-04-05,23.9,3.5,155.7,1175.0,0.89,0.73,1.0,True,False,False,False
2025-04-06,29.4,0.2,154.6,1287.0,0.7,0.76,1.0,True,False,False,False
2025-04-07,29.3,0.1,158.0,1256.0,1.05,0.7,1.0,False,False,False,False
2025-04-08,33.0,0.4,154.0,1224.0,0.98,0.78,1.0,False,False,False,False
2025-04-09,33.0,1.5,155.9,491.0,0.67,0.79,1.0,False,False,False,False
2025-04-10,30.3,2.9,154.3,855.0,0.85,0.54,1.0,False,False,False,False
2025-04-11,27.8,2.6,151.7,984.0,0.9,0.7,1.0,False,False,False,False
2025-04-12,29.2,1.6,156.3,1101.0,0.87,0.57,1.0,True,False,False,False
2025-04-13,31.6,3.4,155.9,1080.0,0.81,0.79,1.0,True,False,False,False
2025-04-14,25.9,0.4,150.0,1146.0,0.65,0.67,1.0,False,False,False,False
2025-04-15,25.1,1.1,158.1,955.0,0.73,0.65,1.0,False,False,False,False
2025-04-16,33.6,2.6,150.2,792.0,0.64,0.82,1.0,False,False,False,False
2025-04-17,23.8,0.0,155.8,672.0,0.75,0.75,1.0,False,False,False,False
2025-04-18,31.8,0.4,155.4,924.0,0.59,0.58,1.0,False,False,False,False
2025-04-19,28.6,4.4,154.9,1461.0,0.72,0.83,1.0,True,False,False,False
2025-04-20,27.2,0.5,156.8,913.0,0.7,0.77,1.0,True,False,False,False
2025-04-21,35.1,0.0,155.1,776.0,0.58,0.68,1.0,False,False,False,False
2025-04-22,35.4,2.1,156.3,999.0,0.65,0.53,1.0,False,False,False,False
2025-04-23,28.9,4.6,158.8,1169.0,0.82,0.55,1.0,False,False,False,False
2025-04-24,32.0,2.3,158.1,753.0,0.9,0.76,1.0,False,False,False,False
2025-04-25,31.2,3.0,159.2,731.0,0.61,0.67,1.0,False,False,True,False
2025-04-26,30.9,0.2,154.7,649.0,0.81,0.67,1.0,True,False,True,False
2025-04-27,32.7,0.0,161.0,1111.0,0.72,0.7,1.0,True,False,True,False
2025-04-28,27.1,5.9,157.1,1113.0,0.72,0.66,1.0,False,False,True,False
2025-04-29,27.9,3.1,160.2,1149.0,0.84,0.75,1.0,False,False,True,False
2025-04-30,24.7,4.0,156.4,1309.0,0.79,0.66,1.0,False,False,True,False
2025-05-01,23.5,2.5,155.4,1194.0,0.48,0.54,1.0,False,False,False,False
2025-05-02,25.0,1.5,161.2,1042.0,0.63,0.42,1.0,False,False,False,False
2025-05-03,24.7,3.7,155.9,1074.0,0.67,0.57,1.0,True,False,False,False
2025-05-04,27.3,2.6,157.6,1318.0,0.61,0.66,1.0,True,False,False,False
2025-05-05,31.2,1.6,160.8,786.0,0.53,0.69,1.0,False,False,False,False
2025-05-06,25.5,3.6,159.3,986.0,0.59,0.56,1.0,False,False,False,False
2025-05-07,33.1,0.1,154.7,1275.0,0.7,0.71,1.0,False,False,False,False
2025-05-08,31.0,2.0,159.1,1618.0,0.74,0.62,1.0,False,False,False,False
2025-05-09,27.9,3.6,160.9,804.0,0.74,0.62,1.0,False,False,False,False
2025-05-10,32.7,0.8,155.9,1020.0,0.63,0.64,1.0,True,False,False,False
2025-05-11,28.0,2.6,157.1,1138.0,0.61,0.62,1.0,True,False,False,False
2025-05-12,27.1,0.9,161.8,1168.0,0.61,0.74,1.0,False,False,False,False
2025-05-13,28.8,2.2,156.6,918.0,0.67,0.56,1.0,False,False,False,False
2025-05-14,31.7,5.3,159.2,1023.0,0.58,0.61,1.0,False,False,False,False
2025-05-15,22.0,1.3,158.6,794.0,0.66,0.7,1.0,False,False,False,False
2025-05-16,24.6,4.0,159.7,1199.0,0.51,0.66,1.0,False,False,False,False
2025-05-17,25.1,0.9,158.3,738.0,0.71,0.67,1.0,True,False,False,False
2025-05-18,27.7,4.7,160.1,1404.0,0.65,0.83,1.0,True,False,False,False
2025-05-19,25.8,6.1,158.8,1203.0,0.56,0.67,1.0,False,False,False,False
2025-05-20,25.3,0.2,161.5,1053.0,0.64,0.65,1.0,False,False,False,False
2025-05-21,28.8,0.4,161.8,1233.0,0.68,0.7,1.0,False,False,False,False
2025-05-22,28.3,1.9,158.4,1277.0,0.63,0.67,1.0,False,False,False,False
2025-05-23,26.4,3.8,158.9,1063.0,0.72,0.55,1.0,False,False,False,False
2025-05-24,26.4,5.6,160.3,1237.0,0.86,0.68,1.0,True,False,False,False
2025-05-25,25.5,6.1,157.3,606.0,0.69,0.53,1.0,True,False,True,False
2025-05-26,28.2,2.2,156.4,766.0,0.74,0.6,1.0,False,False,True,False
2025-05-27,27.0,1.5,160.6,799.0,0.62,0.77,1.0,False,False,True,False
2025-05-28,23.8,5.1,159.9,688.0,0.53,0.65,1.0,False,False,True,False
2025-05-29,23.9,2.6,164.0,811.0,0.41,0.69,1.0,False,False,True,False
2025-05-30,24.0,3.7,159.6,1110.0,0.59,0.6,1.0,False,False,True,False
2025-05-31,23.0,4.9,158.7,1175.0,0.56,0.56,1.0,True,False,True,False
2025-06-01,22.9,1.6,163.8,927.0,0.47,0.69,1.0,True,False,False,False
2025-06-02,23.4,1.6,161.9,803.0,0.42,0.7,1.0,False,False,False,False
2025-06-03,26.9,4.5,159.6,861.0,0.4,0.51,0.75,False,False,False,False
2025-06-04,26.8,3.0,161.1,1337.0,0.71,0.72,1.0,False,False,False,False
2025-06-05,24.0,4.3,160.2,1158.0,0.71,0.7,1.0,False,False,False,False
2025-06-06,27.2,4.2,165.3,996.0,0.46,0.53,1.0,False,False,False,False
2025-06-07,25.5,1.5,164.1,888.0,0.47,0.7,1.0,True,False,False,False
2025-06-08,23.3,1.4,160.6,930.0,0.43,0.5,1.0,True,False,False,False
2025-06-09,24.7,6.6,165.7,1079.0,0.4,0.47,1.0,False,False,False,False
2025-06-10,20.7,3.0,164.8,819.0,0.6,0.52,1.0,False,False,False,False
2025-06-11,26.2,6.1,159.8,1543.0,0.52,0.51,1.0,False,False,False,False
2025-06-12,26.5,1.5,161.4,904.0,0.43,0.74,1.0,False,False,False,False
2025-06-13,21.5,3.0,163.3,546.0,0.68,0.62,1.0,False,False,False,False
2025-06-14,22.9,3.9,162.8,1153.0,0.34,0.61,1.0,True,False,False,False
2025-06-15,19.6,4.3,162.6,1169.0,0.59,0.52,1.0,True,False,False,False
2025-06-16,24.6,4.5,163.4,875.0,0.47,0.52,1.0,False,False,False,False
2025-06-17,26.2,6.2,163.2,1204.0,0.44,0.55,1.0,False,False,False,False
2025-06-18,23.5,9.0,164.4,729.0,0.4,0.63,1.0,False,False,False,False
2025-06-19,17.9,7.0,161.1,1220.0,0.33,0.52,1.0,False,False,False,False
2025-06-20,23.4,2.7,161.3,769.0,0.55,0.61,1.0,False,False,False,False
2025-06-21,18.8,7.0,160.4,707.0,0.57,0.58,1.0,True,False,False,False
2025-06-22,20.3,3.7,164.4,1338.0,0.45,0.35,1.0,True,False,False,False
2025-06-23,19.5,4.3,167.4,950.0,0.5,0.58,1.0,False,False,False,False
2025-06-24,19.2,6.6,166.8,1277.0,0.58,0.73,1.0,False,False,False,False
2025-06-25,22.0,6.2,161.9,1356.0,0.5,0.46,1.0,False,False,True,True
2025-06-26,21.8,4.1,160.6,915.0,0.48,0.49,1.0,False,False,True,True
2025-06-27,18.9,7.8,160.1,1362.0,0.63,0.59,1.0,False,False,True,True
2025-06-28,20.3,8.8,159.4,861.0,0.48,0.37,1.0,True,False,True,True
2025-06-29,25.2,7.6,162.8,1073.0,0.52,0.39,1.0,True,False,True,True
2025-06-30,18.7,4.8,164.9,969.0,0.55,0.62,1.0,False,False,True,True
2025-07-01,17.3,6.8,164.8,910.0,0.44,0.46,1.0,False,True,False,False
2025-07-02,18.7,3.2,160.9,1260.0,0.29,0.45,1.0,False,True,False,False
2025-07-03,16.7,5.3,165.7,764.0,0.37,0.53,1.0,False,True,False,False
2025-07-04,26.9,5.0,165.3,989.0,0.39,0.57,1.0,False,True,False,False
2025-07-05,20.2,4.1,165.7,925.0,0.33,0.57,1.0,True,True,False,False
2025-07-06,19.4,4.5,165.8,1033.0,0.39,0.49,1.0,True,True,False,False
2025-07-07,20.6,4.0,164.8,1086.0,0.26,0.4,1.0,False,True,False,False
2025-07-08,15.9,2.7,167.2,1159.0,0.46,0.31,1.0,False,True,False,False
2025-07-09,16.1,5.1,163.8,931.0,0.33,0.29,1.0,False,True,False,False
2025-07-10,19.9,5.4,163.3,965.0,0.4,0.47,1.0,False,True,False,False
2025-07-11,15.4,1.0,165.5,920.0,0.41,0.51,1.0,False,True,False,False
2025-07-12,20.1,4.8,165.0,831.0,0.48,0.51,1.0,True,True,False,False
2025-07-13,26.6,5.3,167.3,800.0,0.41,0.51,1.0,True,True,False,False
2025-07-14,12.8,6.5,167.3,1290.0,0.19,0.45,1.0,False,True,False,False
2025-07-15,16.3,4.6,169.5,1005.0,0.27,0.41,1.0,False,True,False,False
2025-07-16,20.2,10.4,164.0,1104.0,0.37,0.51,1.0,False,True,False,False
2025-07-17,18.4,3.9,163.1,1153.0,0.3,0.44,1.0,False,True,False,False
2025-07-18,20.3,5.8,168.3,960.0,0.57,0.51,1.0,False,True,False,False
2025-07-19,14.7,6.4,165.6,1155.0,0.32,0.45,1.0,True,True,False,False
2025-07-20,10.3,4.6,166.7,1233.0,0.23,0.44,1.0,True,True,False,False
2025-07-21,22.6,2.1,168.1,1186.0,0.37,0.54,1.0,False,True,False,False
2025-07-22,15.3,7.2,165.5,1358.0,0.33,0.31,1.0,False,True,False,False
2025-07-23,14.9,6.9,161.8,912.0,0.26,0.38,1.0,False,True,False,False
2025-07-24,17.3,6.7,167.4,777.0,0.25,0.31,1.0,False,True,False,False
2025-07-25,20.6,3.5,165.9,813.0,0.17,0.39,1.0,False,True,True,False
2025-07-26,14.4,8.1,165.8,990.0,0.35,0.35,1.0,True,True,True,False
2025-07-27,13.1,6.4,168.5,1093.0,0.3,0.41,1.0,True,True,True,False
2025-07-28,20.2,6.6,167.4,802.0,0.2,0.41,1.0,False,True,True,False
2025-07-29,17.7,9.1,164.9,985.0,0.3,0.44,1.0,False,True,True,False
2025-07-30,17.7,9.6,165.7,991.0,0.11,0.31,1.0,False,True,True,False
2025-07-31,11.1,5.4,167.0,1472.0,0.46,0.38,1.0,False,True,True,False
2025-08-01,8.8,10.1,166.6,768.0,0.18,0.37,1.0,False,False,False,False
2025-08-02,13.8,5.6,166.0,1089.0,0.14,0.47,1.0,True,False,False,False
2025-08-03,18.3,6.2,165.1,1357.0,0.32,0.4,1.0,True,False,False,False
2025-08-04,17.8,6.0,170.5,866.0,0.2,0.36,1.0,False,False,False,False
2025-08-05,12.9,8.3,168.0,1219.0,0.42,0.45,1.0,False,False,False,False
2025-08-06,15.2,4.5,171.1,1217.0,0.2,0.47,1.0,False,False,False,False
2025-08-07,14.3,5.3,168.5,984.0,0.34,0.36,1.0,False,False,False,False
2025-08-08,14.3,8.2,168.7,813.0,0.31,0.33,1.0,False,False,False,False
2025-08-09,13.3,3.8,166.9,1152.0,0.27,0.43,1.0,True,False,False,False
2025-08-10,13.0,5.3,168.4,948.0,0.17,0.35,1.0,True,False,False,False
2025-08-11,17.3,5.4,167.8,576.0,0.28,0.51,1.0,False,False,False,False
2025-08-12,16.7,7.2,170.5,1154.0,0.28,0.39,1.0,False,False,False,False
2025-08-13,9.8,5.2,167.8,1213.0,0.25,0.42,1.0,False,False,False,False
2025-08-14,15.3,6.9,171.3,1014.0,0.22,0.39,1.0,False,False,False,False
2025-08-15,11.7,7.5,169.0,917.0,0.01,0.41,1.0,False,False,False,False
2025-08-16,13.0,5.7,167.1,777.0,0.35,0.35,1.0,True,False,False,False
2025-08-17,15.9,6.5,168.4,959.0,0.19,0.3,1.0,True,False,False,False
2025-08-18,15.2,10.3,172.7,1075.0,0.25,0.27,1.0,False,False,False,False
2025-08-19,12.3,7.2,174.1,667.0,0.18,0.39,1.0,False,False,False,False
2025-08-20,14.1,7.2,169.7,491.0,0.03,0.25,1.0,False,False,False,False
2025-08-21,10.4,11.0,169.9,516.0,0.28,0.45,1.0,False,False,False,False
2025-08-22,7.3,9.9,166.2,1189.0,0.42,0.35,1.0,False,False,False,False
2025-08-23,9.2,8.6,168.5,982.0,0.26,0.48,1.0,True,False,False,False
2025-08-24,19.1,5.6,165.1,898.0,0.23,0.41,1.0,True,False,False,False
2025-08-25,12.6,6.2,169.0,1121.0,0.25,0.34,1.0,False,False,True,False
2025-08-26,11.1,5.7,168.4,1069.0,0.21,0.48,1.0,False,False,True,False
2025-08-27,8.8,9.5,170.3,662.0,0.09,0.32,1.0,False,False,True,False
2025-08-28,10.2,9.5,172.2,619.0,0.29,0.29,1.0,False,False,True,False
2025-08-29,14.5,9.7,168.7,852.0,0.25,0.36,1.0,False,False,True,False
2025-08-30,12.6,10.3,168.7,949.0,0.32,0.21,1.0,True,False,True,False
2025-08-31,13.5,10.5,170.5,709.0,0.4,0.48,1.0,True,False,True,False
2025-09-01,8.4,9.3,169.9,727.0,0.3,0.33,1.0,False,False,False,False
2025-09-02,10.4,5.2,172.9,1084.0,0.08,0.37,1.0,False,False,False,False
2025-09-03,12.0,7.2,173.7,735.0,0.2,0.25,1.0,False,False,False,False
2025-09-04,12.6,8.3,172.2,1142.0,0.39,0.12,1.0,False,False,False,False
2025-09-05,10.6,3.8,168.2,857.0,0.3,0.3,1.0,False,False,False,False
2025-09-06,11.7,5.6,169.7,763.0,0.34,0.42,1.0,True,False,False,False
2025-09-07,11.8,10.9,174.2,1033.0,0.02,0.37,1.0,True,False,False,False
2025-09-08,9.2,3.4,172.2,1243.0,0.06,0.12,1.0,False,False,False,False
2025-09-09,16.5,6.6,173.4,1356.0,0.15,0.2,1.0,False,False,False,False
2025-09-10,13.5,4.5,170.3,985.0,0.2,0.23,1.0,False,False,False,False
2025-09-11,10.0,4.6,170.1,1076.0,0.05,0.33,1.0,False,False,False,False
2025-09-12,11.4,4.7,173.9,917.0,0.06,0.3,1.0,False,False,False,False
2025-09-13,9.2,9.4,169.3,941.0,0.33,0.23,1.0,True,False,False,False
2025-09-14,8.3,6.8,174.6,879.0,0.35,0.33,1.0,True,False,False,False
2025-09-15,14.9,10.8,169.9,910.0,0.16,0.3,1.0,False,False,False,False
2025-09-16,16.6,9.9,169.5,1392.0,0.15,0.08,1.0,False,False,False,False
2025-09-17,10.9,3.8,172.1,1063.0,0.31,0.38,1.0,False,False,False,False
2025-09-18,11.1,5.5,173.8,691.0,0.03,0.18,1.0,False,False,False,False
2025-09-19,10.4,7.3,172.5,700.0,0.14,0.29,1.0,False,False,False,False
2025-09-20,9.0,7.6,173.1,835.0,0.19,0.41,1.0,True,False,False,False
2025-09-21,7.2,5.7,171.3,1267.0,0.19,0.28,1.0,True,False,False,False
2025-09-22,11.0,6.4,174.9,934.0,0.34,0.18,1.0,False,False,False,False
2025-09-23,7.0,9.6,172.8,1208.0,0.26,0.35,1.0,False,False,False,False
2025-09-24,8.9,7.7,170.1,1029.0,0.12,0.2,1.0,False,False,False,False
2025-09-25,10.5,8.1,172.7,957.0,-0.05,0.34,1.0,False,False,True,True
2025-09-26,4.4,8.5,172.7,1041.0,0.05,0.45,1.0,False,False,True,True
2025-09-27,10.7,4.7,175.8,1089.0,0.27,0.23,1.0,True,False,True,True
2025-09-28,7.4,8.8,169.8,623.0,-0.02,0.35,1.0,True,False,True,True
2025-09-29,12.2,5.1,175.2,988.0,0.15,0.34,1.0,False,False,True,True
